{"schemaVersion":"1.0","appDefinitionTemplate":{"id":"/providers/Microsoft.PowerApps/apps/","type":"Microsoft.PowerApps/apps","tags":{"sp-site-id":"https://rbatch.sharepoint.com/sites/testSite","sp-list-id":"27791d97-849f-4f3f-8322-5373331b2a10","https://rbatch.sharepoint.com/sites/testSite":"27791d97-849f-4f3f-8322-5373331b2a10","primaryDeviceWidth":"1136","primaryDeviceHeight":"640","sienaVersion":"20220128T032407Z-3.21124.16.0","deviceCapabilities":"webcam","supportsPortrait":"true","supportsLandscape":"true","primaryFormFactor":"Phone","publisherVersion":"3.21124.16","minimumRequiredApiVersion":"2.2.0","hasComponent":"true","hasUnlockedComponent":"true","isUnifiedRootApp":"false"},"properties":{"appVersion":"2022-01-28T03:24:07Z","lifeCycleId":"Published","createdByClientVersion":{"major":3,"minor":21124,"build":16,"revision":0,"majorRevision":0,"minorRevision":0},"minClientVersion":{"major":3,"minor":21124,"build":16,"revision":0,"majorRevision":0,"minorRevision":0},"backgroundColor":"RGBA(0,176,240,1)","backgroundImageUri":"/6488101216031058218/N3aed5ff9-2542-4716-8460-255fb2dd4c9f-logoSmallFile","displayName":"TimeOffManagement","description":"","commitMessage":"","appUris":{"documentUri":{"value":"/6488101216031058218/Nc83fc51c-d07a-4f85-b27e-01cc48bb8ce9-document.msapp"},"imageUris":[]},"createdTime":"0001-01-01T00:00:00Z","lastModifiedTime":"0001-01-01T00:00:00Z","sharedGroupsCount":0,"sharedUsersCount":0,"icons":{"smallIconUri":"/6488101216031058218/Na919467e-c5d6-4f5a-8cc4-fbea36e0051b-small.png","mediumIconUri":"/6488101216031058218/Nf9c6e52e-b67f-4d1b-af3e-4faadc2f535e-medium.png","largeIconUri":"/6488101216031058218/Ne2ccf3fb-969b-4b07-97c2-94099affdfa1-large.png","wideIconUri":"/6488101216031058218/N4a8d00db-674c-4a44-a2cd-7d28d3795f76-wide.png"},"connectionReferences":{"3b1aa035-1144-4407-9a2b-ead7b800d2bf":{"id":"75a590a4-4a71-47be-9334-ae96601deb4f","displayName":"SharePoint","iconUri":"https://connectoricons-prod.azureedge.net/releases/v1.0.1546/1.0.1546.2667/sharepointonline/icon.png","dataSources":["TimeOffRequests","Documents","Departments","RequestsForManagers","testingList","Positions"],"dependencies":[],"dependents":[],"parameterHints":{},"parameterHintsV2":{},"isOnPremiseConnection":false,"bypassConsent":false,"dataSets":{"https://rbatch.sharepoint.com/sites/testSite":{"dataSources":{"TimeOffRequests":{"tableName":"27791d97-849f-4f3f-8322-5373331b2a10"},"Documents":{"tableName":"9510b6a6-edb2-4436-90b8-2704df0f3094"},"Departments":{"tableName":"de4d021e-31dc-45e1-841f-92a3074f2671"},"RequestsForManagers":{"tableName":"768bad45-f281-4707-a3c8-d670b83c516e"},"testingList":{"tableName":"a4ef1596-fab9-4f46-8ea9-b3dd6a5459fd"},"Positions":{"tableName":"367a926c-4996-4871-9cd8-a14131f16027"}}}},"apiTier":"Standard","isCustomApiConnection":false,"actions":["providers/PowerPlatform.Governance/Operations/Read"]},"ce2c2d00-eb3c-4c3b-a444-9a76048fed2c":{"id":"9ca718b3-5b16-4508-aedf-8dcfa287b859","displayName":"Office 365 Outlook","iconUri":"https://connectoricons-prod.azureedge.net/releases/v1.0.1538/1.0.1538.2621/office365/icon.png","dataSources":["Office365Outlook"],"dependencies":[],"dependents":[],"parameterHints":{},"parameterHintsV2":{},"isOnPremiseConnection":false,"bypassConsent":false,"dataSets":{},"apiTier":"Standard","isCustomApiConnection":false}},"databaseReferences":{},"almMode":"Environment","performanceOptimizationEnabled":true,"canConsumeAppPass":true,"executionRestrictions":{"isTeamsOnly":false,"dataLossPreventionEvaluationResult":{"status":"Compliant","lastEvaluationDate":"2022-01-18T19:58:32.3800142Z","violations":[],"violationsByPolicy":[],"violationErrorMessage":"The app uses the following connectors: shared_sharepointonline."}}},"appType":"ClassicCanvasApp","appComponents":[]}}